Workbook

Sheet الافتراضات
A1: منظومة مدد من براق · افتراضات السوق المصري (عدّل الخلايا الملونة)
A3: البند | B3: القيمة | C3: ملاحظة
A4: سعر الدولار بالجنيه | B4: 55.8 | C4: البنك المركزي 25/10/2026
A5: بنزين 80 (ج/لتر) | B5: 20.75 | C5: 22/10/2026
A6: بنزين 92 (ج/لتر) | B6: 22.25 | C6: 22/10/2026
A7: بنزين 95 (ج/لتر) | B7: 24 | C7: 22/10/2026
A8: سعر الكهرباء المنزلية (ج/ك.و.س) | B8: 1.95 | C8: الشريحة الخامسة 351–650
A9: جمارك وضريبة وتخليص على المستورد | B9: 0.2 | C9: تقدير
A10: أجر ساعة الفني في مصر (ج) | B10: 250 | C10: تقدير
A11: قيمة المحرك والقطع المفكوكة (ج) | B11: 35000 | C11: تقدير
A12: وفر الصيانة (ج لكل كم) | B12: 0.5 | C12: تقدير
A13: كفاءة الشحن | B13: 0.9
A14: كم سنوياً · استخدام شخصي | B14: 15000
A15: كم سنوياً · تاكسي | B15: 70000

Sheet السيارات
A1: السيارة | B1: السنوات | C1: الفئة | D1: ناقل الحركة | E1: الوزن الفارغ kg | F1: استهلاك لتر/100 كم | G1: البنزين | H1: القياسية kWh | I1: القياسية: قطع مستوردة $ | J1: القياسية: تركيب $ | K1: القياسية: المدى km | L1: القياسية (ج) | M1: اقتصادي kWh | N1: اقتصادي: مستورد $ | O1: اقتصادي: محلي $ | P1: اقتصادي: روافع (ج) | Q1: اقتصادي: ساعات | R1: اقتصادي Wh/km | S1: اقتصادي: المدى km | T1: مدد اقتصادي (ج) | U1: ممتد kWh | V1: حقيبة kWh | W1: ممتد: مستورد $ | X1: ممتد: محلي $ | Y1: ممتد: روافع (ج) | Z1: ممتد: ساعات | AA1: ممتد Wh/km | AB1: ممتد: المدى km | AC1: مدد ممتد (ج) | AD1: خفض التكلفة · اقتصادي | AE1: زيادة المدى · ممتد | AF1: وفر سنوي شخصي · ممتد (ج) | AG1: استرداد شخصي (سنة) | AH1: وفر سنوي تاكسي · ممتد (ج) | AI1: استرداد تاكسي (سنة) | AJ1: المحرك | AK1: 0–100 (s)
A2: هيونداي فيرنا | B2: 2006–2023 | C2: هاتشباك وسيدان صغيرة (فئة B) | D2: يدوي | E2: 1085 | F2: 8 | G2: 92 | H2: 40.5 | I2: 11189 | J2: 3640 | K2: 229 | L2: =ROUND((I2*(1+'الافتراضات'!$B$9)+J2)*'الافتراضات'!$B$4,0) | M2: 40.5 | N2: 7790 | O2: 1196 | P2: 15600 | Q2: 103 | R2: 144 | S2: 259 | T2: =ROUND(N2*(1+'الافتراضات'!$B$9)*'الافتراضات'!$B$4+O2*'الافتراضات'!$B$4+P2+Q2*'الافتراضات'!$B$10,0) | U2: 40.5 | V2: 14.3 | W2: 10458 | X2: 1376 | Y2: 15600 | Z2: 107 | AA2: 148 | AB2: 332 | AC2: =ROUND(W2*(1+'الافتراضات'!$B$9)*'الافتراضات'!$B$4+X2*'الافتراضات'!$B$4+Y2+Z2*'الافتراضات'!$B$10,0) | AD2: =1-T2/L2 | AE2: =AB2/K2-1 | AF2: =ROUND('الافتراضات'!$B$14*F2/100*IF(G2=80,'الافتراضات'!$B$5,IF(G2=95,'الافتراضات'!$B$7,'الافتراضات'!$B$6))-'الافتراضات'!$B$14*AA2/1000/'الافتراضات'!$B$13*'الافتراضات'!$B$8+'الافتراضات'!$B$14*'الافتراضات'!$B$12,0) | AG2: =ROUND(MAX(0,AC2-'الافتراضات'!$B$11)/AF2,1) | AH2: =ROUND('الافتراضات'!$B$15*F2/100*IF(G2=80,'الافتراضات'!$B$5,IF(G2=95,'الافتراضات'!$B$7,'الافتراضات'!$B$6))-'الافتراضات'!$B$15*AA2/1000/'الافتراضات'!$B$13*'الافتراضات'!$B$8+'الافتراضات'!$B$15*'الافتراضات'!$B$12,0) | AI2: =ROUND(MAX(0,AC2-'الافتراضات'!$B$11)/AH2,1) | AJ2: BQ-D60 · PMSM 32/60 kW | AK2: 12.8
A3: هيونداي أكسنت HCI | B3: 2000–2012 | C3: هاتشباك وسيدان صغيرة (فئة B) | D3: يدوي | E3: 1020 | F3: 8 | G3: 92 | H3: 40.5 | I3: 11189 | J3: 3640 | K3: 233 | L3: =ROUND((I3*(1+'الافتراضات'!$B$9)+J3)*'الافتراضات'!$B$4,0) | M3: 40.5 | N3: 7790 | O3: 1196 | P3: 15600 | Q3: 103 | R3: 142 | S3: 263 | T3: =ROUND(N3*(1+'الافتراضات'!$B$9)*'الافتراضات'!$B$4+O3*'الافتراضات'!$B$4+P3+Q3*'الافتراضات'!$B$10,0) | U3: 40.5 | V3: 14.3 | W3: 10458 | X3: 1376 | Y3: 15600 | Z3: 107 | AA3: 145 | AB3: 338 | AC3: =ROUND(W3*(1+'الافتراضات'!$B$9)*'الافتراضات'!$B$4+X3*'الافتراضات'!$B$4+Y3+Z3*'الافتراضات'!$B$10,0) | AD3: =1-T3/L3 | AE3: =AB3/K3-1 | AF3: =ROUND('الافتراضات'!$B$14*F3/100*IF(G3=80,'الافتراضات'!$B$5,IF(G3=95,'الافتراضات'!$B$7,'الافتراضات'!$B$6))-'الافتراضات'!$B$14*AA3/1000/'الافتراضات'!$B$13*'الافتراضات'!$B$8+'الافتراضات'!$B$14*'الافتراضات'!$B$12,0) | AG3: =ROUND(MAX(0,AC3-'الافتراضات'!$B$11)/AF3,1) | AH3: =ROUND('الافتراضات'!$B$15*F3/100*IF(G3=80,'الافتراضات'!$B$5,IF(G3=95,'الافتراضات'!$B$7,'الافتراضات'!$B$6))-'الافتراضات'!$B$15*AA3/1000/'الافتراضات'!$B$13*'الافتراضات'!$B$8+'الافتراضات'!$B$15*'الافتراضات'!$B$12,0) | AI3: =ROUND(MAX(0,AC3-'الافتراضات'!$B$11)/AH3,1) | AJ3: BQ-D60 · PMSM 32/60 kW | AK3: 12.1
A4: هيونداي أكسنت RB | B4: 2011–2019 | C4: هاتشباك وسيدان صغيرة (فئة B) | D4: أوتوماتيك | E4: 1130 | F4: 7.8 | G4: 92 | H4: 40.5 | I4: 11189 | J4: 3640 | K4: 226 | L4: =ROUND((I4*(1+'الافتراضات'!$B$9)+J4)*'الافتراضات'!$B$4,0) | M4: 40.5 | N4: 8690 | O4: 1034 | P4: 15600 | Q4: 107 | R4: 145 | S4: 257 | T4: =ROUND(N4*(1+'الافتراضات'!$B$9)*'الافتراضات'!$B$4+O4*'الافتراضات'!$B$4+P4+Q4*'الافتراضات'!$B$10,0) | U4: 40.5 | V4: 14.3 | W4: 11358 | X4: 1214 | Y4: 15600 | Z4: 111 | AA4: 149 | AB4: 330 | AC4: =ROUND(W4*(1+'الافتراضات'!$B$9)*'الافتراضات'!$B$4+X4*'الافتراضات'!$B$4+Y4+Z4*'الافتراضات'!$B$10,0) | AD4: =1-T4/L4 | AE4: =AB4/K4-1 | AF4: =ROUND('الافتراضات'!$B$14*F4/100*IF(G4=80,'الافتراضات'!$B$5,IF(G4=95,'الافتراضات'!$B$7,'الافتراضات'!$B$6))-'الافتراضات'!$B$14*AA4/1000/'الافتراضات'!$B$13*'الافتراضات'!$B$8+'الافتراضات'!$B$14*'الافتراضات'!$B$12,0) | AG4: =ROUND(MAX(0,AC4-'الافتراضات'!$B$11)/AF4,1) | AH4: =ROUND('الافتراضات'!$B$15*F4/100*IF(G4=80,'الافتراضات'!$B$5,IF(G4=95,'الافتراضات'!$B$7,'الافتراضات'!$B$6))-'الافتراضات'!$B$15*AA4/1000/'الافتراضات'!$B$13*'الافتراضات'!$B$8+'الافتراضات'!$B$15*'الافتراضات'!$B$12,0) | AI4: =ROUND(MAX(0,AC4-'الافتراضات'!$B$11)/AH4,1) | AJ4: BQ-D60 · PMSM 32/60 kW | AK4: 13
A5: هيونداي إلنترا HD | B5: 2007–2016 | C5: سيدان وهاتشباك متوسطة صغيرة (فئة C) | D5: أوتوماتيك | E5: 1250 | F5: 9 | G5: 92 | H5: 81 | I5: 16590 | J5: 3815 | K5: 413 | L5: =ROUND((I5*(1+'الافتراضات'!$B$9)+J5)*'الافتراضات'!$B$4,0) | M5: 40.5 | N5: 10390 | O5: 1041 | P5: 15600 | Q5: 112 | R5: 151 | S5: 246 | T5: =ROUND(N5*(1+'الافتراضات'!$B$9)*'الافتراضات'!$B$4+O5*'الافتراضات'!$B$4+P5+Q5*'الافتراضات'!$B$10,0) | U5: 81 | V5: 5.12 | W5: 15582 | X5: 1664 | Y5: 15600 | Z5: 116 | AA5: 160 | AB5: 493 | AC5: =ROUND(W5*(1+'الافتراضات'!$B$9)*'الافتراضات'!$B$4+X5*'الافتراضات'!$B$4+Y5+Z5*'الافتراضات'!$B$10,0) | AD5: =1-T5/L5 | AE5: =AB5/K5-1 | AF5: =ROUND('الافتراضات'!$B$14*F5/100*IF(G5=80,'الافتراضات'!$B$5,IF(G5=95,'الافتراضات'!$B$7,'الافتراضات'!$B$6))-'الافتراضات'!$B$14*AA5/1000/'الافتراضات'!$B$13*'الافتراضات'!$B$8+'الافتراضات'!$B$14*'الافتراضات'!$B$12,0) | AG5: =ROUND(MAX(0,AC5-'الافتراضات'!$B$11)/AF5,1) | AH5: =ROUND('الافتراضات'!$B$15*F5/100*IF(G5=80,'الافتراضات'!$B$5,IF(G5=95,'الافتراضات'!$B$7,'الافتراضات'!$B$6))-'الافتراضات'!$B$15*AA5/1000/'الافتراضات'!$B$13*'الافتراضات'!$B$8+'الافتراضات'!$B$15*'الافتراضات'!$B$12,0) | AI5: =ROUND(MAX(0,AC5-'الافتراضات'!$B$11)/AH5,1) | AJ5: BQ-D100 · PMSM 50/100 kW | AK5: 8.5
A6: هيونداي إلنترا AD | B6: 2016–2020 | C6: سيدان وهاتشباك متوسطة صغيرة (فئة C) | D6: أوتوماتيك | E6: 1265 | F6: 8.2 | G6: 92 | H6: 81 | I6: 16590 | J6: 3815 | K6: 412 | L6: =ROUND((I6*(1+'الافتراضات'!$B$9)+J6)*'الافتراضات'!$B$4,0) | M6: 40.5 | N6: 10390 | O6: 1041 | P6: 15600 | Q6: 112 | R6: 152 | S6: 246 | T6: =ROUND(N6*(1+'الافتراضات'!$B$9)*'الافتراضات'!$B$4+O6*'الافتراضات'!$B$4+P6+Q6*'الافتراضات'!$B$10,0) | U6: 81 | V6: 5.12 | W6: 15582 | X6: 1664 | Y6: 15600 | Z6: 116 | AA6: 160 | AB6: 491 | AC6: =ROUND(W6*(1+'الافتراضات'!$B$9)*'الافتراضات'!$B$4+X6*'الافتراضات'!$B$4+Y6+Z6*'الافتراضات'!$B$10,0) | AD6: =1-T6/L6 | AE6: =AB6/K6-1 | AF6: =ROUND('الافتراضات'!$B$14*F6/100*IF(G6=80,'الافتراضات'!$B$5,IF(G6=95,'الافتراضات'!$B$7,'الافتراضات'!$B$6))-'الافتراضات'!$B$14*AA6/1000/'الافتراضات'!$B$13*'الافتراضات'!$B$8+'الافتراضات'!$B$14*'الافتراضات'!$B$12,0) | AG6: =ROUND(MAX(0,AC6-'الافتراضات'!$B$11)/AF6,1) | AH6: =ROUND('الافتراضات'!$B$15*F6/100*IF(G6=80,'الافتراضات'!$B$5,IF(G6=95,'الافتراضات'!$B$7,'الافتراضات'!$B$6))-'الافتراضات'!$B$15*AA6/1000/'الافتراضات'!$B$13*'الافتراضات'!$B$8+'الافتراضات'!$B$15*'الافتراضات'!$B$12,0) | AI6: =ROUND(MAX(0,AC6-'الافتراضات'!$B$11)/AH6,1) | AJ6: BQ-D100 · PMSM 50/100 kW | AK6: 8.6
A7: هيونداي إلنترا CN7 | B7: 2021–2026 | C7: سيدان وهاتشباك متوسطة صغيرة (فئة C) | D7: أوتوماتيك | E7: 1250 | F7: 7.5 | G7: 92 | H7: 81 | I7: 16590 | J7: 3815 | K7: 413 | L7: =ROUND((I7*(1+'الافتراضات'!$B$9)+J7)*'الافتراضات'!$B$4,0) | M7: 40.5 | N7: 10390 | O7: 1041 | P7: 15600 | Q7: 112 | R7: 151 | S7: 246 | T7: =ROUND(N7*(1+'الافتراضات'!$B$9)*'الافتراضات'!$B$4+O7*'الافتراضات'!$B$4+P7+Q7*'الافتراضات'!$B$10,0) | U7: 81 | V7: 5.12 | W7: 15582 | X7: 1664 | Y7: 15600 | Z7: 116 | AA7: 160 | AB7: 493 | AC7: =ROUND(W7*(1+'الافتراضات'!$B$9)*'الافتراضات'!$B$4+X7*'الافتراضات'!$B$4+Y7+Z7*'الافتراضات'!$B$10,0) | AD7: =1-T7/L7 | AE7: =AB7/K7-1 | AF7: =ROUND('الافتراضات'!$B$14*F7/100*IF(G7=80,'الافتراضات'!$B$5,IF(G7=95,'الافتراضات'!$B$7,'الافتراضات'!$B$6))-'الافتراضات'!$B$14*AA7/1000/'الافتراضات'!$B$13*'الافتراضات'!$B$8+'الافتراضات'!$B$14*'الافتراضات'!$B$12,0) | AG7: =ROUND(MAX(0,AC7-'الافتراضات'!$B$11)/AF7,1) | AH7: =ROUND('الافتراضات'!$B$15*F7/100*IF(G7=80,'الافتراضات'!$B$5,IF(G7=95,'الافتراضات'!$B$7,'الافتراضات'!$B$6))-'الافتراضات'!$B$15*AA7/1000/'الافتراضات'!$B$13*'الافتراضات'!$B$8+'الافتراضات'!$B$15*'الافتراضات'!$B$12,0) | AI7: =ROUND(MAX(0,AC7-'الافتراضات'!$B$11)/AH7,1) | AJ7: BQ-D100 · PMSM 50/100 kW | AK7: 8.5
A8: هيونداي i10 / جراند i10 | B8: 2008–2026 | C8: صغيرة (فئة A) | D8: يدوي | E8: 950 | F8: 6.5 | G8: 92 | H8: 40.5 | I8: 11184 | J8: 3465 | K8: 240 | L8: =ROUND((I8*(1+'الافتراضات'!$B$9)+J8)*'الافتراضات'!$B$4,0) | M8: 40.5 | N8: 7790 | O8: 1388 | P8: 15600 | Q8: 98 | R8: 137 | S8: 271 | T8: =ROUND(N8*(1+'الافتراضات'!$B$9)*'الافتراضات'!$B$4+O8*'الافتراضات'!$B$4+P8+Q8*'الافتراضات'!$B$10,0) | U8: 40.5 | V8: 5.12 | W8: 10352 | X8: 1478 | Y8: 15600 | Z8: 102 | AA8: 139 | AB8: 298 | AC8: =ROUND(W8*(1+'الافتراضات'!$B$9)*'الافتراضات'!$B$4+X8*'الافتراضات'!$B$4+Y8+Z8*'الافتراضات'!$B$10,0) | AD8: =1-T8/L8 | AE8: =AB8/K8-1 | AF8: =ROUND('الافتراضات'!$B$14*F8/100*IF(G8=80,'الافتراضات'!$B$5,IF(G8=95,'الافتراضات'!$B$7,'الافتراضات'!$B$6))-'الافتراضات'!$B$14*AA8/1000/'الافتراضات'!$B$13*'الافتراضات'!$B$8+'الافتراضات'!$B$14*'الافتراضات'!$B$12,0) | AG8: =ROUND(MAX(0,AC8-'الافتراضات'!$B$11)/AF8,1) | AH8: =ROUND('الافتراضات'!$B$15*F8/100*IF(G8=80,'الافتراضات'!$B$5,IF(G8=95,'الافتراضات'!$B$7,'الافتراضات'!$B$6))-'الافتراضات'!$B$15*AA8/1000/'الافتراضات'!$B$13*'الافتراضات'!$B$8+'الافتراضات'!$B$15*'الافتراضات'!$B$12,0) | AI8: =ROUND(MAX(0,AC8-'الافتراضات'!$B$11)/AH8,1) | AJ8: BQ-D60 · PMSM 32/60 kW | AK8: 11.6
A9: هيونداي ماتريكس | B9: 2001–2010 | C9: عائلية متعددة الاستخدام (MPV) | D9: يدوي | E9: 1250 | F9: 9.5 | G9: 92 | H9: 81 | I9: 16762 | J9: 4165 | K9: 371 | L9: =ROUND((I9*(1+'الافتراضات'!$B$9)+J9)*'الافتراضات'!$B$4,0) | M9: 40.5 | N9: 7945 | O9: 1214 | P9: 15600 | Q9: 118 | R9: 172 | S9: 216 | T9: =ROUND(N9*(1+'الافتراضات'!$B$9)*'الافتراضات'!$B$4+O9*'الافتراضات'!$B$4+P9+Q9*'الافتراضات'!$B$10,0) | U9: 81 | V9: 14.3 | W9: 14943 | X9: 1927 | Y9: 15600 | Z9: 122 | AA9: 183 | AB9: 471 | AC9: =ROUND(W9*(1+'الافتراضات'!$B$9)*'الافتراضات'!$B$4+X9*'الافتراضات'!$B$4+Y9+Z9*'الافتراضات'!$B$10,0) | AD9: =1-T9/L9 | AE9: =AB9/K9-1 | AF9: =ROUND('الافتراضات'!$B$14*F9/100*IF(G9=80,'الافتراضات'!$B$5,IF(G9=95,'الافتراضات'!$B$7,'الافتراضات'!$B$6))-'الافتراضات'!$B$14*AA9/1000/'الافتراضات'!$B$13*'الافتراضات'!$B$8+'الافتراضات'!$B$14*'الافتراضات'!$B$12,0) | AG9: =ROUND(MAX(0,AC9-'الافتراضات'!$B$11)/AF9,1) | AH9: =ROUND('الافتراضات'!$B$15*F9/100*IF(G9=80,'الافتراضات'!$B$5,IF(G9=95,'الافتراضات'!$B$7,'الافتراضات'!$B$6))-'الافتراضات'!$B$15*AA9/1000/'الافتراضات'!$B$13*'الافتراضات'!$B$8+'الافتراضات'!$B$15*'الافتراضات'!$B$12,0) | AI9: =ROUND(MAX(0,AC9-'الافتراضات'!$B$11)/AH9,1) | AJ9: BQ-D60 · PMSM 32/60 kW | AK9: 13.9
A10: هيونداي توسان | B10: 2015–2020 | C10: SUV متوسطة | D10: أوتوماتيك | E10: 1500 | F10: 10.5 | G10: 92 | H10: 81 | I10: 16201 | J10: 4165 | K10: 344 | L10: =ROUND((I10*(1+'الافتراضات'!$B$9)+J10)*'الافتراضات'!$B$4,0) | M10: 40.5 | N10: 10390 | O10: 1048 | P10: 15600 | Q10: 122 | R10: 186 | S10: 200 | T10: =ROUND(N10*(1+'الافتراضات'!$B$9)*'الافتراضات'!$B$4+O10*'الافتراضات'!$B$4+P10+Q10*'الافتراضات'!$B$10,0) | U10: 81 | V10: 14.3 | W10: 15688 | X10: 1501 | Y10: 15600 | Z10: 126 | AA10: 197 | AB10: 439 | AC10: =ROUND(W10*(1+'الافتراضات'!$B$9)*'الافتراضات'!$B$4+X10*'الافتراضات'!$B$4+Y10+Z10*'الافتراضات'!$B$10,0) | AD10: =1-T10/L10 | AE10: =AB10/K10-1 | AF10: =ROUND('الافتراضات'!$B$14*F10/100*IF(G10=80,'الافتراضات'!$B$5,IF(G10=95,'الافتراضات'!$B$7,'الافتراضات'!$B$6))-'الافتراضات'!$B$14*AA10/1000/'الافتراضات'!$B$13*'الافتراضات'!$B$8+'الافتراضات'!$B$14*'الافتراضات'!$B$12,0) | AG10: =ROUND(MAX(0,AC10-'الافتراضات'!$B$11)/AF10,1) | AH10: =ROUND('الافتراضات'!$B$15*F10/100*IF(G10=80,'الافتراضات'!$B$5,IF(G10=95,'الافتراضات'!$B$7,'الافتراضات'!$B$6))-'الافتراضات'!$B$15*AA10/1000/'الافتراضات'!$B$13*'الافتراضات'!$B$8+'الافتراضات'!$B$15*'الافتراضات'!$B$12,0) | AI10: =ROUND(MAX(0,AC10-'الافتراضات'!$B$11)/AH10,1) | AJ10: BQ-D100 · PMSM 50/100 kW | AK10: 9.7
A11: نيسان صني N17 | B11: 2012–2026 | C11: هاتشباك وسيدان صغيرة (فئة B) | D11: يدوي | E11: 1050 | F11: 7.5 | G11: 92 | H11: 40.5 | I11: 11189 | J11: 3640 | K11: 231 | L11: =ROUND((I11*(1+'الافتراضات'!$B$9)+J11)*'الافتراضات'!$B$4,0) | M11: 40.5 | N11: 7790 | O11: 1196 | P11: 15600 | Q11: 103 | R11: 143 | S11: 261 | T11: =ROUND(N11*(1+'الافتراضات'!$B$9)*'الافتراضات'!$B$4+O11*'الافتراضات'!$B$4+P11+Q11*'الافتراضات'!$B$10,0) | U11: 40.5 | V11: 14.3 | W11: 10458 | X11: 1376 | Y11: 15600 | Z11: 107 | AA11: 146 | AB11: 335 | AC11: =ROUND(W11*(1+'الافتراضات'!$B$9)*'الافتراضات'!$B$4+X11*'الافتراضات'!$B$4+Y11+Z11*'الافتراضات'!$B$10,0) | AD11: =1-T11/L11 | AE11: =AB11/K11-1 | AF11: =ROUND('الافتراضات'!$B$14*F11/100*IF(G11=80,'الافتراضات'!$B$5,IF(G11=95,'الافتراضات'!$B$7,'الافتراضات'!$B$6))-'الافتراضات'!$B$14*AA11/1000/'الافتراضات'!$B$13*'الافتراضات'!$B$8+'الافتراضات'!$B$14*'الافتراضات'!$B$12,0) | AG11: =ROUND(MAX(0,AC11-'الافتراضات'!$B$11)/AF11,1) | AH11: =ROUND('الافتراضات'!$B$15*F11/100*IF(G11=80,'الافتراضات'!$B$5,IF(G11=95,'الافتراضات'!$B$7,'الافتراضات'!$B$6))-'الافتراضات'!$B$15*AA11/1000/'الافتراضات'!$B$13*'الافتراضات'!$B$8+'الافتراضات'!$B$15*'الافتراضات'!$B$12,0) | AI11: =ROUND(MAX(0,AC11-'الافتراضات'!$B$11)/AH11,1) | AJ11: BQ-D60 · PMSM 32/60 kW | AK11: 12.4
A12: نيسان صني B13 / B14 | B12: 1991–2001 | C12: هاتشباك وسيدان صغيرة (فئة B) | D12: يدوي | E12: 960 | F12: 8.5 | G12: 92 | H12: 40.5 | I12: 10744 | J12: 3150 | K12: 237 | L12: =ROUND((I12*(1+'الافتراضات'!$B$9)+J12)*'الافتراضات'!$B$4,0) | M12: 40.5 | N12: 7345 | O12: 1196 | P12: 15600 | Q12: 89 | R12: 139 | S12: 267 | T12: =ROUND(N12*(1+'الافتراضات'!$B$9)*'الافتراضات'!$B$4+O12*'الافتراضات'!$B$4+P12+Q12*'الافتراضات'!$B$10,0) | U12: 40.5 | V12: 14.3 | W12: 10013 | X12: 1376 | Y12: 15600 | Z12: 93 | AA12: 143 | AB12: 343 | AC12: =ROUND(W12*(1+'الافتراضات'!$B$9)*'الافتراضات'!$B$4+X12*'الافتراضات'!$B$4+Y12+Z12*'الافتراضات'!$B$10,0) | AD12: =1-T12/L12 | AE12: =AB12/K12-1 | AF12: =ROUND('الافتراضات'!$B$14*F12/100*IF(G12=80,'الافتراضات'!$B$5,IF(G12=95,'الافتراضات'!$B$7,'الافتراضات'!$B$6))-'الافتراضات'!$B$14*AA12/1000/'الافتراضات'!$B$13*'الافتراضات'!$B$8+'الافتراضات'!$B$14*'الافتراضات'!$B$12,0) | AG12: =ROUND(MAX(0,AC12-'الافتراضات'!$B$11)/AF12,1) | AH12: =ROUND('الافتراضات'!$B$15*F12/100*IF(G12=80,'الافتراضات'!$B$5,IF(G12=95,'الافتراضات'!$B$7,'الافتراضات'!$B$6))-'الافتراضات'!$B$15*AA12/1000/'الافتراضات'!$B$13*'الافتراضات'!$B$8+'الافتراضات'!$B$15*'الافتراضات'!$B$12,0) | AI12: =ROUND(MAX(0,AC12-'الافتراضات'!$B$11)/AH12,1) | AJ12: BQ-D60 · PMSM 32/60 kW | AK12: 11.5
A13: نيسان سنترا B17 | B13: 2013–2020 | C13: سيدان وهاتشباك متوسطة صغيرة (فئة C) | D13: أوتوماتيك | E13: 1250 | F13: 8 | G13: 92 | H13: 81 | I13: 16590 | J13: 3815 | K13: 413 | L13: =ROUND((I13*(1+'الافتراضات'!$B$9)+J13)*'الافتراضات'!$B$4,0) | M13: 40.5 | N13: 10390 | O13: 1041 | P13: 15600 | Q13: 112 | R13: 151 | S13: 246 | T13: =ROUND(N13*(1+'الافتراضات'!$B$9)*'الافتراضات'!$B$4+O13*'الافتراضات'!$B$4+P13+Q13*'الافتراضات'!$B$10,0) | U13: 81 | V13: 5.12 | W13: 15582 | X13: 1664 | Y13: 15600 | Z13: 116 | AA13: 160 | AB13: 493 | AC13: =ROUND(W13*(1+'الافتراضات'!$B$9)*'الافتراضات'!$B$4+X13*'الافتراضات'!$B$4+Y13+Z13*'الافتراضات'!$B$10,0) | AD13: =1-T13/L13 | AE13: =AB13/K13-1 | AF13: =ROUND('الافتراضات'!$B$14*F13/100*IF(G13=80,'الافتراضات'!$B$5,IF(G13=95,'الافتراضات'!$B$7,'الافتراضات'!$B$6))-'الافتراضات'!$B$14*AA13/1000/'الافتراضات'!$B$13*'الافتراضات'!$B$8+'الافتراضات'!$B$14*'الافتراضات'!$B$12,0) | AG13: =ROUND(MAX(0,AC13-'الافتراضات'!$B$11)/AF13,1) | AH13: =ROUND('الافتراضات'!$B$15*F13/100*IF(G13=80,'الافتراضات'!$B$5,IF(G13=95,'الافتراضات'!$B$7,'الافتراضات'!$B$6))-'الافتراضات'!$B$15*AA13/1000/'الافتراضات'!$B$13*'الافتراضات'!$B$8+'الافتراضات'!$B$15*'الافتراضات'!$B$12,0) | AI13: =ROUND(MAX(0,AC13-'الافتراضات'!$B$11)/AH13,1) | AJ13: BQ-D100 · PMSM 50/100 kW | AK13: 8.5
... A62: بي إم دبليو الفئة الثالثة E46 | B62: 1998–2006 | C62: سيدان متوسطة (فئة D) | D62: أوتوماتيك | E62: 1350 | F62: 10 | G62: 95 | H62: 81 | I62: 16156 | J62: 3500 | K62: 401 | L62: =ROUND((I62*(1+'الافتراضات'!$B$9)+J62)*'الافتراضات'!$B$4,0) | M62: 40.5 | N62: 9945 | O62: 1048 | P62: 15600 | Q62: 103 | R62: 156 | S62: 239 | T62: =ROUND(N62*(1+'الافتراضات'!$B$9)*'الافتراضات'!$B$4+O62*'الافتراضات'!$B$4+P62+Q62*'الافتراضات'!$B$10,0) | U62: 81 | V62: 14.3 | W62: 15243 | X62: 1761 | Y62: 15600 | Z62: 107 | AA62: 167 | AB62: 518 | AC62: =ROUND(W62*(1+'الافتراضات'!$B$9)*'الافتراضات'!$B$4+X62*'الافتراضات'!$B$4+Y62+Z62*'الافتراضات'!$B$10,0) | AD62: =1-T62/L62 | AE62: =AB62/K62-1 | AF62: =ROUND('الافتراضات'!$B$14*F62/100*IF(G62=80,'الافتراضات'!$B$5,IF(G62=95,'الافتراضات'!$B$7,'الافتراضات'!$B$6))-'الافتراضات'!$B$14*AA62/1000/'الافتراضات'!$B$13*'الافتراضات'!$B$8+'الافتراضات'!$B$14*'الافتراضات'!$B$12,0) | AG62: =ROUND(MAX(0,AC62-'الافتراضات'!$B$11)/AF62,1) | AH62: =ROUND('الافتراضات'!$B$15*F62/100*IF(G62=80,'الافتراضات'!$B$5,IF(G62=95,'الافتراضات'!$B$7,'الافتراضات'!$B$6))-'الافتراضات'!$B$15*AA62/1000/'الافتراضات'!$B$13*'الافتراضات'!$B$8+'الافتراضات'!$B$15*'الافتراضات'!$B$12,0) | AI62: =ROUND(MAX(0,AC62-'الافتراضات'!$B$11)/AH62,1) | AJ62: BQ-D100 · PMSM 50/100 kW | AK62: 8.9

Sheet حقائب مدد
A1: حقيبة مدد 5 · جاهزة 51.2 V / 100 Ah · 5.12 kWh · ≈ 48 kg
A2: البند | B2: الكمية | C2: سعر الوحدة $ | D2: الإجمالي $ | E2: الإجمالي (ج) | F2: المنشأ | G2: الحالة | H2: المصدر
A3: بطارية LiFePO4 جاهزة 51.2 V / 100 Ah مع BMS وCAN | B3: 1 | C3: 1132 | D3: =B3*C3 | E3: =ROUND(D3*'الافتراضات'!$B$4*(1+IF(F3="محلي",0,'الافتراضات'!$B$9)),0) | F3: مستورد | G3: سعر منشور | H3: https://powmr.com/ar/products/lifepo4-lithium-battery-100ah-48v
A4: عاكس هجين 5 kW بجهد 48 V مع منظم شمسي (فئة Growatt SPF 5000 ES) | B4: 1 | C4: 851 | D4: =B4*C4 | E4: =ROUND(D4*'الافتراضات'!$B$4*(1+IF(F4="محلي",0,'الافتراضات'!$B$9)),0) | F4: مستورد | G4: سعر منشور | H4: https://signaturesolar.com/growatt-48v-5kw-450vdc-stackable-off-grid-inverter
A5: كابل شحن محمول Type 2 بتيار 32 A | B5: 1 | C5: 160 | D5: =B5*C5 | E5: =ROUND(D5*'الافتراضات'!$B$4*(1+IF(F5="محلي",0,'الافتراضات'!$B$9)),0) | F5: مستورد | G5: تقدير
A6: عربة بعجلات وسكة تثبيت في الصندوق ومقبس Anderson SB175 | B6: 1 | C6: 90 | D6: =B6*C6 | E6: =ROUND(D6*'الافتراضات'!$B$4*(1+IF(F6="محلي",0,'الافتراضات'!$B$9)),0) | F6: محلي | G6: تقدير
A7: الإجمالي | D7: =SUM(D3:D6) | E7: =SUM(E3:E6)
A10: حقيبة مدد 14 · تجميع 16 خلية LF280K · 14.3 kWh · ≈ 100 kg
A11: البند | B11: الكمية | C11: سعر الوحدة $ | D11: الإجمالي $ | E11: الإجمالي (ج) | F11: المنشأ | G11: الحالة | H11: المصدر
A12: خلايا EVE LF280K بجهد 3.2 V وسعة 280 Ah | B12: 16 | C12: 68 | D12: =B12*C12 | E12: =ROUND(D12*'الافتراضات'!$B$4*(1+IF(F12="محلي",0,'الافتراضات'!$B$9)),0) | F12: مستورد | G12: سعر منشور | H12: https://eu.nkon.nl/eve-lf280-prismatic-280ah-280a-lifepo4.html
A13: نظام إدارة بطارية 16S بتيار 200 A مع CAN | B13: 1 | C13: 150 | D13: =B13*C13 | E13: =ROUND(D13*'الافتراضات'!$B$4*(1+IF(F13="محلي",0,'الافتراضات'!$B$9)),0) | F13: مستورد | G13: تقدير
A14: عاكس هجين 5 kW بجهد 48 V مع منظم شمسي (فئة Growatt SPF 5000 ES) | B14: 1 | C14: 851 | D14: =B14*C14 | E14: =ROUND(D14*'الافتراضات'!$B$4*(1+IF(F14="محلي",0,'الافتراضات'!$B$9)),0) | F14: مستورد | G14: سعر منشور | H14: https://signaturesolar.com/growatt-48v-5kw-450vdc-stackable-off-grid-inverter
A15: كابل شحن محمول Type 2 بتيار 32 A | B15: 1 | C15: 160 | D15: =B15*C15 | E15: =ROUND(D15*'الافتراضات'!$B$4*(1+IF(F15="محلي",0,'الافتراضات'!$B$9)),0) | F15: مستورد | G15: تقدير
A16: صندوق ألومنيوم مضغوط للخلايا مع عربة وسكة تثبيت ومقبس Anderson SB175 | B16: 1 | C16: 180 | D16: =B16*C16 | E16: =ROUND(D16*'الافتراضات'!$B$4*(1+IF(F16="محلي",0,'الافتراضات'!$B$9)),0) | F16: محلي | G16: تقدير
A17: الإجمالي | D17: =SUM(D12:D16) | E17: =SUM(E12:E16)

Sheet روافع مدد
A1: الرافعة | B1: الوصف
A2: حزمة التبريد الذكي | B2: فيلم سيراميك عازل للحرارة على كل الزجاج، وتغليف عاكس للسقف، وتبريد مسبق من الشبكة قبل التحرك، ووضع إعادة التدوير افتراضياً. يخفض حمل المكيف من 1,500 W إلى نحو 1,050 W.
A3: حزمة الدحرجة الخفيفة | B3: إطارات بمقاومة دحرجة منخفضة (فئة A أو B في الملصق الأوروبي) عند موعد التغيير، وضغط هواء أعلى بـ 3 psi، واستبدال الإطار الاحتياطي بعدة إصلاح.
A4: وضع مدد في وحدة التحكم | B4: خريطة دواسة ناعمة، واسترجاع طاقة أقوى عند رفع القدم، وحد سرعة 100 km/h على الطرق السريعة. برمجة فقط دون قطع إضافية.
A5: التصنيع والتركيب في مصر | B5: أغلفة الوحدات وسكك BQ-Rail وحامل المحرك وصفيحة الربط والكابلات تُصنع في ورش مصرية بدل استيرادها، والتركيب بأجر الفني المصري.
A6: الاستيراد الجماعي | B6: حاوية واحدة لنحو 20 طقماً إلى ميناء الإسكندرية، فتنخفض تكلفة الشحن والتخليص للطقم الواحد.
A7: المحرك والشاحن بالمقاس الصحيح | B7: محرك BQ-D60 لكل سيارة حتى 1,450 kg ما دام التسارع من 0 إلى 100 في حدود 14 ثانية (يكفي لسرعات الطرق المصرية)، والإبقاء على علبة السرعات اليدوية، وشاحن 3.3 kW للشحن الليلي حين لا تُستخدم حقيبة مدد.

Sheet المصادر
A1: المصدر | B1: الرابط
A2: البنك المركزي المصري عبر بانكير: الدولار 55.75 / 55.89 جنيه (25/10/2026) | B2: https://banker.news/157529
A3: بانكير: أسعار البنزين 80 و92 و95 والسولار (22/10/2026) | B3: https://banker.news/157117
A4: الدستور: شرائح الكهرباء المنزلية 2026 | B4: https://www.dostor.org/5490067
A5: مصراوي: أسعار شحن Infinity EV بعد زيادة أبريل 2026 | B5: https://www.masrawy.com/autos/autos_news/details/2026/8/7/3029336
A6: مصراوي: تعريفة شحن السيارات الكهربائية التجارية | B6: https://www.masrawy.com/autos/autos_news/details/2025/9/3/2847968/ارتفاع-أسعار-شحن-السيارات-الكهربائية-في-مصر
A7: مصراوي: الأكثر طلباً في سوق المستعمل بمصر (يونيو 2026) | B7: https://www.masrawy.com/autos/autos_news/details/2026/6/6/2998424/تتصدرها-صني-ولانسر-أكثر-5-سيارات-مطلوبة-في-سوق-المستعمل-بمصر
A8: الطاقة: ترخيص السيارات المحوّلة إلى الكهرباء في مصر | B8: https://attaqa.net/?p=288532
A9: PowMr: بطارية LiFePO4 بجهد 51.2 V وسعة 100 Ah مع CAN | B9: https://powmr.com/ar/products/lifepo4-lithium-battery-100ah-48v
A10: NKON: خلية EVE LF280K بسعة 280 Ah (سعر 64 خلية دون ضريبة) | B10: https://eu.nkon.nl/eve-lf280-prismatic-280ah-280a-lifepo4.html
A11: Signature Solar: عاكس Growatt SPF 5000 ES بجهد 48 V | B11: https://signaturesolar.com/growatt-48v-5kw-450vdc-stackable-off-grid-inverter
A12: NREL: أثر الزجاج العاكس للحرارة والطلاء العاكس على حمل التكييف | B12: https://www.osti.gov/biblio/1492505
